{"providers":[{"file":"logo:logo.png","chars":[""],"height":36,"ascent":32,"type":"bitmap"},{"file":"logo:tech.png","chars":[""],"height":7,"ascent":7,"type":"bitmap"},{"file":"logo:vteam.png","chars":[""],"height":7,"ascent":7,"type":"bitmap"},{"file":"logo:vplus.png","chars":[""],"height":7,"ascent":7,"type":"bitmap"},{"file":"logo:police.png","chars":[""],"height":7,"ascent":7,"type":"bitmap"},{"file":"logo:bank.png","chars":[""],"height":7,"ascent":7,"type":"bitmap"},{"file":"logo:player.png","chars":[""],"height":7,"ascent":7,"type":"bitmap"}]}